"raceid","year","grand_prix","laptimes"
224,1996,"Australian Grand Prix","00:01:33.421"
225,1996,"Brazilian Grand Prix","00:01:21.547"
226,1996,"Argentine Grand Prix","00:01:29.413"
227,1996,"European Grand Prix","00:01:21.363"
228,1996,"San Marino Grand Prix","00:01:28.931"
229,1996,"Monaco Grand Prix","00:01:25.205"
230,1996,"Spanish Grand Prix","00:01:45.517"
231,1996,"Canadian Grand Prix","00:01:21.916"
232,1996,"French Grand Prix","00:01:18.61"
233,1996,"British Grand Prix","00:01:29.288"
234,1996,"German Grand Prix","00:01:46.504"
235,1996,"Hungarian Grand Prix","00:01:20.093"
236,1996,"Belgian Grand Prix","00:01:53.067"
237,1996,"Italian Grand Prix","00:01:26.11"
238,1996,"Portuguese Grand Prix","00:01:22.873"
239,1996,"Japanese Grand Prix","00:01:44.043"
207,1997,"Australian Grand Prix","00:01:30.585"
208,1997,"Brazilian Grand Prix","00:01:18.397"
209,1997,"Argentine Grand Prix","00:01:27.981"
210,1997,"San Marino Grand Prix","00:01:25.531"
211,1997,"Monaco Grand Prix","00:01:53.315"
212,1997,"Spanish Grand Prix","00:01:22.242"
213,1997,"Canadian Grand Prix","00:01:19.635"
214,1997,"French Grand Prix","00:01:17.91"
215,1997,"British Grand Prix","00:01:24.475"
216,1997,"German Grand Prix","00:01:45.747"
217,1997,"Hungarian Grand Prix","00:01:18.372"
218,1997,"Belgian Grand Prix","00:01:52.692"
219,1997,"Italian Grand Prix","00:01:24.808"
220,1997,"Austrian Grand Prix","00:01:11.814"
221,1997,"Luxembourg Grand Prix","00:01:18.805"
222,1997,"Japanese Grand Prix","00:01:38.942"
223,1997,"European Grand Prix","00:01:23.135"
191,1998,"Australian Grand Prix","00:01:31.649"
192,1998,"Brazilian Grand Prix","00:01:19.337"
193,1998,"Argentine Grand Prix","00:01:28.179"
194,1998,"San Marino Grand Prix","00:01:29.345"
195,1998,"Spanish Grand Prix","00:01:24.275"
196,1998,"Monaco Grand Prix","00:01:22.948"
197,1998,"Canadian Grand Prix","00:01:19.379"
198,1998,"French Grand Prix","00:01:17.523"
199,1998,"British Grand Prix","00:01:35.704"
200,1998,"Austrian Grand Prix","00:01:12.878"
201,1998,"German Grand Prix","00:01:46.116"
202,1998,"Hungarian Grand Prix","00:01:19.286"
203,1998,"Belgian Grand Prix","00:02:03.766"
204,1998,"Italian Grand Prix","00:01:25.139"
205,1998,"Luxembourg Grand Prix","00:01:20.45"
206,1998,"Japanese Grand Prix","00:01:40.19"
175,1999,"Australian Grand Prix","00:01:32.112"
176,1999,"Brazilian Grand Prix","00:01:18.448"
177,1999,"San Marino Grand Prix","00:01:28.547"
178,1999,"Monaco Grand Prix","00:01:22.259"
179,1999,"Spanish Grand Prix","00:01:24.982"
180,1999,"Canadian Grand Prix","00:01:20.382"
181,1999,"French Grand Prix","00:01:19.227"
182,1999,"British Grand Prix","00:01:28.309"
183,1999,"Austrian Grand Prix","00:01:12.107"
184,1999,"German Grand Prix","00:01:45.27"
185,1999,"Hungarian Grand Prix","00:01:20.699"
186,1999,"Belgian Grand Prix","00:01:53.955"
187,1999,"Italian Grand Prix","00:01:25.579"
188,1999,"European Grand Prix","00:01:21.282"
189,1999,"Malaysian Grand Prix","00:01:40.267"
190,1999,"Japanese Grand Prix","00:01:41.319"
158,2000,"Australian Grand Prix","00:01:31.481"
159,2000,"Brazilian Grand Prix","00:01:14.755"
160,2000,"San Marino Grand Prix","00:01:26.523"
161,2000,"British Grand Prix","00:01:26.217"
162,2000,"Spanish Grand Prix","00:01:24.47"
163,2000,"European Grand Prix","00:01:22.269"
164,2000,"Monaco Grand Prix","00:01:21.571"
165,2000,"Canadian Grand Prix","00:01:19.049"
166,2000,"French Grand Prix","00:01:19.479"
167,2000,"Austrian Grand Prix","00:01:11.783"
168,2000,"German Grand Prix","00:01:44.3"
169,2000,"Hungarian Grand Prix","00:01:20.028"
170,2000,"Belgian Grand Prix","00:01:53.803"
171,2000,"Italian Grand Prix","00:01:25.595"
172,2000,"United States Grand Prix","00:01:14.711"
173,2000,"Japanese Grand Prix","00:01:39.189"
174,2000,"Malaysian Grand Prix","00:01:38.543"
141,2001,"Australian Grand Prix","00:01:28.214"
142,2001,"Malaysian Grand Prix","00:01:40.962"
143,2001,"Brazilian Grand Prix","00:01:15.693"
144,2001,"San Marino Grand Prix","00:01:25.524"
145,2001,"Spanish Grand Prix","00:01:21.151"
146,2001,"Austrian Grand Prix","00:01:10.843"
147,2001,"Monaco Grand Prix","00:01:19.424"
148,2001,"Canadian Grand Prix","00:01:17.205"
149,2001,"European Grand Prix","00:01:18.354"
150,2001,"French Grand Prix","00:01:16.088"
151,2001,"British Grand Prix","00:01:23.405"
152,2001,"German Grand Prix","00:01:41.808"
153,2001,"Hungarian Grand Prix","00:01:16.723"
154,2001,"Belgian Grand Prix","00:01:49.758"
155,2001,"Italian Grand Prix","00:01:25.073"
156,2001,"United States Grand Prix","00:01:14.448"
157,2001,"Japanese Grand Prix","00:01:36.45"
124,2002,"Australian Grand Prix","00:01:28.541"
125,2002,"Malaysian Grand Prix","00:01:38.049"
126,2002,"Brazilian Grand Prix","00:01:16.079"
127,2002,"San Marino Grand Prix","00:01:24.17"
128,2002,"Spanish Grand Prix","00:01:20.355"
129,2002,"Austrian Grand Prix","00:01:09.298"
130,2002,"Monaco Grand Prix","00:01:18.023"
131,2002,"Canadian Grand Prix","00:01:15.96"
132,2002,"European Grand Prix","00:01:32.226"
133,2002,"British Grand Prix","00:01:23.083"
134,2002,"French Grand Prix","00:01:15.045"
135,2002,"German Grand Prix","00:01:16.462"
136,2002,"Hungarian Grand Prix","00:01:16.207"
137,2002,"Belgian Grand Prix","00:01:47.176"
138,2002,"Italian Grand Prix","00:01:23.657"
139,2002,"United States Grand Prix","00:01:12.738"
140,2002,"Japanese Grand Prix","00:01:36.125"
108,2003,"Australian Grand Prix","00:01:27.724"
109,2003,"Malaysian Grand Prix","00:01:36.412"
110,2003,"Brazilian Grand Prix","00:01:22.032"
111,2003,"San Marino Grand Prix","00:01:22.491"
112,2003,"Spanish Grand Prix","00:01:20.143"
113,2003,"Austrian Grand Prix","00:01:08.337"
114,2003,"Monaco Grand Prix","00:01:14.545"
115,2003,"Canadian Grand Prix","00:01:16.04"
116,2003,"European Grand Prix","00:01:32.621"
117,2003,"French Grand Prix","00:01:15.512"
118,2003,"British Grand Prix","00:01:22.236"
119,2003,"German Grand Prix","00:01:14.917"
120,2003,"Hungarian Grand Prix","00:01:22.095"
121,2003,"Italian Grand Prix","00:01:21.832"
122,2003,"United States Grand Prix","00:01:11.473"
123,2003,"Japanese Grand Prix","00:01:33.408"
90,2004,"Australian Grand Prix","00:01:24.125"
91,2004,"Malaysian Grand Prix","00:01:34.223"
92,2004,"Bahrain Grand Prix","00:01:30.252"
93,2004,"San Marino Grand Prix","00:01:20.411"
94,2004,"Spanish Grand Prix","00:01:17.45"
95,2004,"Monaco Grand Prix","00:01:14.439"
96,2004,"European Grand Prix","00:01:29.468"
97,2004,"Canadian Grand Prix","00:01:13.622"
98,2004,"United States Grand Prix","00:01:10.399"
99,2004,"French Grand Prix","00:01:15.377"
100,2004,"British Grand Prix","00:01:18.739"
101,2004,"German Grand Prix","00:01:13.78"
102,2004,"Hungarian Grand Prix","00:01:19.071"
103,2004,"Belgian Grand Prix","00:01:45.108"
104,2004,"Italian Grand Prix","00:01:21.046"
105,2004,"Chinese Grand Prix","00:01:32.238"
106,2004,"Japanese Grand Prix","00:01:32.73"
107,2004,"Brazilian Grand Prix","00:01:11.473"
71,2005,"Australian Grand Prix","00:01:25.683"
72,2005,"Malaysian Grand Prix","00:01:35.483"
73,2005,"Bahrain Grand Prix","00:01:31.447"
74,2005,"San Marino Grand Prix","00:01:21.858"
75,2005,"Spanish Grand Prix","00:01:15.641"
76,2005,"Monaco Grand Prix","00:01:15.842"
77,2005,"European Grand Prix","00:01:30.711"
78,2005,"Canadian Grand Prix","00:01:14.384"
79,2005,"United States Grand Prix","00:01:11.497"
80,2005,"French Grand Prix","00:01:16.423"
81,2005,"British Grand Prix","00:01:20.502"
82,2005,"German Grand Prix","00:01:14.873"
83,2005,"Hungarian Grand Prix","00:01:21.219"
84,2005,"Turkish Grand Prix","00:01:24.77"
85,2005,"Italian Grand Prix","00:01:21.504"
86,2005,"Belgian Grand Prix","00:01:51.453"
87,2005,"Brazilian Grand Prix","00:01:12.268"
88,2005,"Japanese Grand Prix","00:01:31.54"
89,2005,"Chinese Grand Prix","00:01:33.242"
53,2006,"Bahrain Grand Prix","00:01:32.408"
54,2006,"Malaysian Grand Prix","00:01:34.803"
55,2006,"Australian Grand Prix","00:01:26.045"
56,2006,"San Marino Grand Prix","00:01:24.569"
57,2006,"European Grand Prix","00:01:32.099"
58,2006,"Spanish Grand Prix","00:01:16.648"
59,2006,"Monaco Grand Prix","00:01:15.143"
60,2006,"British Grand Prix","00:01:21.599"
61,2006,"Canadian Grand Prix","00:01:15.841"
62,2006,"United States Grand Prix","00:01:12.719"
63,2006,"French Grand Prix","00:01:17.111"
64,2006,"German Grand Prix","00:01:16.357"
65,2006,"Hungarian Grand Prix","00:01:23.516"
66,2006,"Turkish Grand Prix","00:01:28.005"
67,2006,"Italian Grand Prix","00:01:22.559"
68,2006,"Chinese Grand Prix","00:01:37.586"
69,2006,"Japanese Grand Prix","00:01:32.676"
70,2006,"Brazilian Grand Prix","00:01:12.162"
36,2007,"Australian Grand Prix","00:01:25.235"
37,2007,"Malaysian Grand Prix","00:01:36.701"
38,2007,"Bahrain Grand Prix","00:01:34.067"
39,2007,"Spanish Grand Prix","00:01:22.68"
40,2007,"Monaco Grand Prix","00:01:15.284"
41,2007,"Canadian Grand Prix","00:01:16.367"
42,2007,"United States Grand Prix","00:01:13.117"
43,2007,"French Grand Prix","00:01:16.099"
44,2007,"British Grand Prix","00:01:20.638"
45,2007,"European Grand Prix","00:01:32.853"
46,2007,"Hungarian Grand Prix","00:01:20.047"
47,2007,"Turkish Grand Prix","00:01:27.295"
48,2007,"Italian Grand Prix","00:01:22.871"
49,2007,"Belgian Grand Prix","00:01:48.036"
50,2007,"Japanese Grand Prix","00:01:28.193"
51,2007,"Chinese Grand Prix","00:01:37.454"
52,2007,"Brazilian Grand Prix","00:01:12.445"
18,2008,"Australian Grand Prix","00:01:27.418"
19,2008,"Malaysian Grand Prix","00:01:35.366"
20,2008,"Bahrain Grand Prix","00:01:33.193"
21,2008,"Spanish Grand Prix","00:01:21.67"
22,2008,"Turkish Grand Prix","00:01:26.506"
23,2008,"Monaco Grand Prix","00:01:16.689"
24,2008,"Canadian Grand Prix","00:01:17.387"
25,2008,"French Grand Prix","00:01:16.63"
26,2008,"British Grand Prix","00:01:32.15"
27,2008,"German Grand Prix","00:01:15.987"
28,2008,"Hungarian Grand Prix","00:01:21.195"
29,2008,"European Grand Prix","00:01:38.708"
30,2008,"Belgian Grand Prix","00:01:47.93"
31,2008,"Italian Grand Prix","00:01:28.047"
32,2008,"Singapore Grand Prix","00:01:45.599"
33,2008,"Japanese Grand Prix","00:01:18.426"
34,2008,"Chinese Grand Prix","00:01:36.325"
35,2008,"Brazilian Grand Prix","00:01:13.736"
1,2009,"Australian Grand Prix","00:01:27.706"
2,2009,"Malaysian Grand Prix","00:01:36.641"
3,2009,"Chinese Grand Prix","00:01:52.592"
4,2009,"Bahrain Grand Prix","00:01:34.556"
5,2009,"Spanish Grand Prix","00:01:22.762"
6,2009,"Monaco Grand Prix","00:01:15.154"
7,2009,"Turkish Grand Prix","00:01:27.579"
8,2009,"British Grand Prix","00:01:20.735"
9,2009,"German Grand Prix","00:01:33.365"
10,2009,"Hungarian Grand Prix","00:01:21.931"
11,2009,"European Grand Prix","00:01:38.683"
12,2009,"Belgian Grand Prix","00:01:47.263"
13,2009,"Italian Grand Prix","00:01:24.739"
14,2009,"Singapore Grand Prix","00:01:48.24"
15,2009,"Japanese Grand Prix","00:01:32.569"
16,2009,"Brazilian Grand Prix","00:01:13.733"
17,2009,"Abu Dhabi Grand Prix","00:01:40.279"
337,2010,"Bahrain Grand Prix","00:01:58.287"
338,2010,"Australian Grand Prix","00:01:28.358"
339,2010,"Malaysian Grand Prix","00:01:37.054"
340,2010,"Chinese Grand Prix","00:01:42.061"
341,2010,"Spanish Grand Prix","00:01:24.357"
342,2010,"Monaco Grand Prix","00:01:15.192"
343,2010,"Turkish Grand Prix","00:01:29.165"
344,2010,"Canadian Grand Prix","00:01:16.972"
345,2010,"European Grand Prix","00:01:38.766"
346,2010,"British Grand Prix","00:01:30.874"
347,2010,"German Grand Prix","00:01:15.824"
348,2010,"Hungarian Grand Prix","00:01:22.362"
349,2010,"Belgian Grand Prix","00:01:49.069"
350,2010,"Italian Grand Prix","00:01:24.139"
351,2010,"Singapore Grand Prix","00:01:47.976"
352,2010,"Japanese Grand Prix","00:01:33.474"
353,2010,"Korean Grand Prix","00:01:50.257"
354,2010,"Brazilian Grand Prix","00:01:13.851"
355,2010,"Abu Dhabi Grand Prix","00:01:41.274"
841,2011,"Australian Grand Prix","00:01:28.947"
842,2011,"Malaysian Grand Prix","00:01:40.571"
843,2011,"Chinese Grand Prix","00:01:38.993"
844,2011,"Turkish Grand Prix","00:01:29.703"
845,2011,"Spanish Grand Prix","00:01:26.727"
846,2011,"Monaco Grand Prix","00:01:16.234"
847,2011,"Canadian Grand Prix","00:01:16.956"
848,2011,"European Grand Prix","00:01:41.852"
849,2011,"British Grand Prix","00:01:33.391"
850,2011,"German Grand Prix","00:01:34.302"
851,2011,"Hungarian Grand Prix","00:01:23.415"
852,2011,"Belgian Grand Prix","00:01:49.883"
853,2011,"Italian Grand Prix","00:01:26.187"
854,2011,"Singapore Grand Prix","00:01:48.454"
855,2011,"Japanese Grand Prix","00:01:36.568"
856,2011,"Korean Grand Prix","00:01:39.605"
857,2011,"Indian Grand Prix","00:01:27.249"
858,2011,"Abu Dhabi Grand Prix","00:01:42.612"
859,2011,"Brazilian Grand Prix","00:01:15.324"
860,2012,"Australian Grand Prix","00:01:29.187"
861,2012,"Malaysian Grand Prix","00:01:40.722"
862,2012,"Chinese Grand Prix","00:01:39.96"
863,2012,"Bahrain Grand Prix","00:01:36.379"
864,2012,"Spanish Grand Prix","00:01:26.25"
865,2012,"Monaco Grand Prix","00:01:17.296"
866,2012,"Canadian Grand Prix","00:01:15.752"
867,2012,"European Grand Prix","00:01:42.163"
868,2012,"British Grand Prix","00:01:34.608"
869,2012,"German Grand Prix","00:01:18.725"
870,2012,"Hungarian Grand Prix","00:01:24.136"
871,2012,"Belgian Grand Prix","00:01:52.822"
872,2012,"Italian Grand Prix","00:01:27.239"
873,2012,"Singapore Grand Prix","00:01:51.033"
874,2012,"Japanese Grand Prix","00:01:35.774"
875,2012,"Korean Grand Prix","00:01:42.037"
876,2012,"Indian Grand Prix","00:01:28.203"
877,2012,"Abu Dhabi Grand Prix","00:01:43.964"
878,2012,"United States Grand Prix","00:01:39.347"
879,2012,"Brazilian Grand Prix","00:01:18.069"
880,2013,"Australian Grand Prix","00:01:29.274"
881,2013,"Malaysian Grand Prix","00:01:39.199"
882,2013,"Chinese Grand Prix","00:01:36.808"
883,2013,"Bahrain Grand Prix","00:01:36.961"
884,2013,"Spanish Grand Prix","00:01:26.217"
885,2013,"Monaco Grand Prix","00:01:16.577"
886,2013,"Canadian Grand Prix","00:01:16.182"
887,2013,"British Grand Prix","00:01:33.401"
888,2013,"German Grand Prix","00:01:33.468"
890,2013,"Hungarian Grand Prix","00:01:24.069"
891,2013,"Belgian Grand Prix","00:01:50.756"
892,2013,"Italian Grand Prix","00:01:25.849"
893,2013,"Singapore Grand Prix","00:01:48.574"
894,2013,"Korean Grand Prix","00:01:41.38"
895,2013,"Japanese Grand Prix","00:01:34.587"
896,2013,"Indian Grand Prix","00:01:27.679"
897,2013,"Abu Dhabi Grand Prix","00:01:43.434"
898,2013,"United States Grand Prix","00:01:39.856"
899,2013,"Brazilian Grand Prix","00:01:15.436"
900,2014,"Australian Grand Prix","00:01:32.478"
901,2014,"Malaysian Grand Prix","00:01:43.066"
902,2014,"Bahrain Grand Prix","00:01:37.02"
903,2014,"Chinese Grand Prix","00:01:40.402"
904,2014,"Spanish Grand Prix","00:01:28.918"
905,2014,"Monaco Grand Prix","00:01:18.479"
906,2014,"Canadian Grand Prix","00:01:18.504"
907,2014,"Austrian Grand Prix","00:01:12.142"
908,2014,"British Grand Prix","00:01:37.176"
909,2014,"German Grand Prix","00:01:19.908"
910,2014,"Hungarian Grand Prix","00:01:25.724"
911,2014,"Belgian Grand Prix","00:01:50.511"
912,2014,"Italian Grand Prix","00:01:28.004"
913,2014,"Singapore Grand Prix","00:01:50.417"
914,2014,"Japanese Grand Prix","00:01:51.6"
915,2014,"Russian Grand Prix","00:01:40.896"
916,2014,"United States Grand Prix","00:01:41.379"
917,2014,"Brazilian Grand Prix","00:01:13.555"
918,2014,"Abu Dhabi Grand Prix","00:01:44.496"
926,2015,"Australian Grand Prix","00:01:30.945"
927,2015,"Malaysian Grand Prix","00:01:42.062"
928,2015,"Chinese Grand Prix","00:01:42.208"
929,2015,"Bahrain Grand Prix","00:01:36.311"
930,2015,"Spanish Grand Prix","00:01:28.27"
931,2015,"Monaco Grand Prix","00:01:18.063"
932,2015,"Canadian Grand Prix","00:01:16.987"
933,2015,"Austrian Grand Prix","00:01:11.235"
934,2015,"British Grand Prix","00:01:36.61"
936,2015,"Hungarian Grand Prix","00:01:24.821"
937,2015,"Belgian Grand Prix","00:01:52.416"
938,2015,"Italian Grand Prix","00:01:26.672"
939,2015,"Singapore Grand Prix","00:01:50.041"
940,2015,"Japanese Grand Prix","00:01:36.145"
941,2015,"Russian Grand Prix","00:01:40.071"
942,2015,"United States Grand Prix","00:01:40.666"
943,2015,"Mexican Grand Prix","00:01:20.521"
944,2015,"Brazilian Grand Prix","00:01:14.832"
945,2015,"Abu Dhabi Grand Prix","00:01:44.517"
948,2016,"Australian Grand Prix","00:01:28.997"
949,2016,"Bahrain Grand Prix","00:01:34.482"
950,2016,"Chinese Grand Prix","00:01:39.824"
951,2016,"Russian Grand Prix","00:01:39.094"
952,2016,"Spanish Grand Prix","00:01:26.948"
953,2016,"Monaco Grand Prix","00:01:17.939"
954,2016,"Canadian Grand Prix","00:01:15.599"
955,2016,"European Grand Prix","00:01:46.485"
956,2016,"Austrian Grand Prix","00:01:08.411"
957,2016,"British Grand Prix","00:01:35.548"
958,2016,"Hungarian Grand Prix","00:01:23.086"
959,2016,"German Grand Prix","00:01:18.442"
960,2016,"Belgian Grand Prix","00:01:51.583"
961,2016,"Italian Grand Prix","00:01:25.34"
962,2016,"Singapore Grand Prix","00:01:47.187"
963,2016,"Malaysian Grand Prix","00:01:36.424"
964,2016,"Japanese Grand Prix","00:01:35.118"
965,2016,"United States Grand Prix","00:01:39.877"
966,2016,"Mexican Grand Prix","00:01:21.134"
967,2016,"Brazilian Grand Prix","00:01:25.305"
968,2016,"Abu Dhabi Grand Prix","00:01:43.729"
969,2017,"Australian Grand Prix","00:01:26.538"
970,2017,"Chinese Grand Prix","00:01:35.378"
971,2017,"Bahrain Grand Prix","00:01:32.798"
972,2017,"Russian Grand Prix","00:01:36.844"
973,2017,"Spanish Grand Prix","00:01:23.593"
974,2017,"Monaco Grand Prix","00:01:14.82"
975,2017,"Canadian Grand Prix","00:01:14.551"
976,2017,"Azerbaijan Grand Prix","00:01:43.441"
977,2017,"Austrian Grand Prix","00:01:07.411"
978,2017,"British Grand Prix","00:01:30.621"
979,2017,"Hungarian Grand Prix","00:01:20.182"
980,2017,"Belgian Grand Prix","00:01:46.577"
981,2017,"Italian Grand Prix","00:01:23.361"
982,2017,"Singapore Grand Prix","00:01:45.008"
983,2017,"Malaysian Grand Prix","00:01:34.08"
984,2017,"Japanese Grand Prix","00:01:33.144"
985,2017,"United States Grand Prix","00:01:37.766"
986,2017,"Mexican Grand Prix","00:01:18.785"
987,2017,"Brazilian Grand Prix","00:01:11.044"
988,2017,"Abu Dhabi Grand Prix","00:01:40.65"
989,2018,"Australian Grand Prix","00:01:25.945"
990,2018,"Bahrain Grand Prix","00:01:33.74"
991,2018,"Chinese Grand Prix","00:01:35.785"
992,2018,"Azerbaijan Grand Prix","00:01:45.149"
993,2018,"Spanish Grand Prix","00:01:18.441"
994,2018,"Monaco Grand Prix","00:01:14.26"
995,2018,"Canadian Grand Prix","00:01:13.864"
996,2018,"French Grand Prix","00:01:34.225"
997,2018,"Austrian Grand Prix","00:01:06.957"
998,2018,"British Grand Prix","00:01:30.696"
999,2018,"German Grand Prix","00:01:15.545"
1000,2018,"Hungarian Grand Prix","00:01:20.012"
1001,2018,"Belgian Grand Prix","00:01:46.286"
1002,2018,"Italian Grand Prix","00:01:22.497"
1003,2018,"Singapore Grand Prix","00:01:41.905"
1004,2018,"Russian Grand Prix","00:01:35.861"
1005,2018,"Japanese Grand Prix","00:01:32.318"
1006,2018,"United States Grand Prix","00:01:37.392"
1007,2018,"Mexican Grand Prix","00:01:18.741"
1008,2018,"Brazilian Grand Prix","00:01:10.54"
1009,2018,"Abu Dhabi Grand Prix","00:01:40.867"
1010,2019,"Australian Grand Prix","00:01:25.58"
1011,2019,"Bahrain Grand Prix","00:01:33.411"
1012,2019,"Chinese Grand Prix","00:01:34.742"
1013,2019,"Azerbaijan Grand Prix","00:01:43.009"
1014,2019,"Spanish Grand Prix","00:01:18.492"
1015,2019,"Monaco Grand Prix","00:01:14.279"
1016,2019,"Canadian Grand Prix","00:01:13.078"
1017,2019,"French Grand Prix","00:01:32.74"
1018,2019,"Austrian Grand Prix","00:01:07.475"
1019,2019,"British Grand Prix","00:01:27.369"
1020,2019,"German Grand Prix","00:01:16.645"
1021,2019,"Hungarian Grand Prix","00:01:17.103"
1022,2019,"Belgian Grand Prix","00:01:46.409"
1023,2019,"Italian Grand Prix","00:01:21.779"
1024,2019,"Singapore Grand Prix","00:01:42.301"
1025,2019,"Russian Grand Prix","00:01:35.761"
1026,2019,"Japanese Grand Prix","00:01:30.983"
1027,2019,"Mexican Grand Prix","00:01:19.232"
1028,2019,"United States Grand Prix","00:01:36.169"
1029,2019,"Brazilian Grand Prix","00:01:10.698"
1030,2019,"Abu Dhabi Grand Prix","00:01:39.283"
1031,2020,"Austrian Grand Prix","00:01:07.475"
1032,2020,"Styrian Grand Prix","00:01:05.619"
1033,2020,"Hungarian Grand Prix","00:01:16.627"
1034,2020,"British Grand Prix","00:01:27.097"
1035,2020,"70th Anniversary Grand Prix","00:01:28.451"
1036,2020,"Spanish Grand Prix","00:01:18.183"
1037,2020,"Belgian Grand Prix","00:01:47.483"
1038,2020,"Italian Grand Prix","00:01:22.746"
1039,2020,"Tuscan Grand Prix","00:01:18.833"
1040,2020,"Russian Grand Prix","00:01:37.03"
1041,2020,"Eifel Grand Prix","00:01:28.139"
1042,2020,"Portuguese Grand Prix","00:01:18.75"
1043,2020,"Emilia Romagna Grand Prix","00:01:15.484"
1044,2020,"Turkish Grand Prix","00:01:36.806"
1045,2020,"Bahrain Grand Prix","00:01:32.014"
1046,2020,"Sakhir Grand Prix","00:00:55.404"
1047,2020,"Abu Dhabi Grand Prix","00:01:40.926"
1051,2021,"Qatar Grand Prix","00:01:23.196"
1052,2021,"Bahrain Grand Prix","00:01:32.09"
1053,2021,"Emilia Romagna Grand Prix","00:01:16.702"
1054,2021,"Portuguese Grand Prix","00:01:19.849"
1055,2021,"Spanish Grand Prix","00:01:18.149"
1056,2021,"Monaco Grand Prix","00:01:12.909"
1057,2021,"Azerbaijan Grand Prix","00:01:44.481"
1058,2021,"Styrian Grand Prix","00:01:07.058"
1059,2021,"French Grand Prix","00:01:36.404"
1060,2021,"Austrian Grand Prix","00:01:06.2"
1061,2021,"British Grand Prix","00:01:28.617"
1062,2021,"Hungarian Grand Prix","00:01:18.394"
1063,2021,"Belgian Grand Prix","00:03:27.071"
1064,2021,"Dutch Grand Prix","00:01:11.097"
1065,2021,"Italian Grand Prix","00:01:24.812"
1066,2021,"Russian Grand Prix","00:01:37.423"
1067,2021,"Turkish Grand Prix","00:01:30.432"
1069,2021,"United States Grand Prix","00:01:38.485"
1070,2021,"Mexico City Grand Prix","00:01:17.774"
1071,2021,"SÃ£o Paulo Grand Prix","00:01:11.01"
1072,2021,"Saudi Arabian Grand Prix","00:01:30.734"
1073,2021,"Abu Dhabi Grand Prix","00:01:26.103"
1074,2022,"Bahrain Grand Prix","00:01:34.57"
1075,2022,"Saudi Arabian Grand Prix","00:01:31.634"
1076,2022,"Australian Grand Prix","00:01:20.26"
1077,2022,"Emilia Romagna Grand Prix","00:01:18.446"
1078,2022,"Miami Grand Prix","00:01:31.361"
1079,2022,"Spanish Grand Prix","00:01:24.108"
1080,2022,"Monaco Grand Prix","00:01:14.693"
1081,2022,"Azerbaijan Grand Prix","00:01:46.046"
1082,2022,"Canadian Grand Prix","00:01:15.749"
1083,2022,"British Grand Prix","00:01:30.51"
1084,2022,"Austrian Grand Prix","00:01:07.275"
1085,2022,"French Grand Prix","00:01:35.781"
1086,2022,"Hungarian Grand Prix","00:01:21.386"
1087,2022,"Belgian Grand Prix","00:01:49.354"
1088,2022,"Dutch Grand Prix","00:01:13.652"
1089,2022,"Italian Grand Prix","00:01:24.03"
1091,2022,"Singapore Grand Prix","00:01:46.458"
1092,2022,"Japanese Grand Prix","00:01:44.411"
1093,2022,"United States Grand Prix","00:01:38.788"
1094,2022,"Mexico City Grand Prix","00:01:20.153"
1095,2022,"SÃ£o Paulo Grand Prix","00:01:13.785"
1096,2022,"Abu Dhabi Grand Prix","00:01:28.391"
1098,2023,"Bahrain Grand Prix","00:01:33.996"
1099,2023,"Saudi Arabian Grand Prix","00:01:31.906"
1100,2023,"Australian Grand Prix","00:01:20.235"
1101,2023,"Azerbaijan Grand Prix","00:01:43.37"
1102,2023,"Miami Grand Prix","00:01:29.708"
1104,2023,"Monaco Grand Prix","00:01:15.65"
1105,2023,"Spanish Grand Prix","00:01:16.33"
1106,2023,"Canadian Grand Prix","00:01:14.481"
1107,2023,"Austrian Grand Prix","00:01:07.012"
1108,2023,"British Grand Prix","00:01:30.275"
1109,2023,"Hungarian Grand Prix","00:01:20.504"
1110,2023,"Belgian Grand Prix","00:01:47.305"
1111,2023,"Dutch Grand Prix","00:01:13.837"
1112,2023,"Italian Grand Prix","00:01:25.072"
1113,2023,"Singapore Grand Prix","00:01:35.867"
1114,2023,"Japanese Grand Prix","00:01:34.183"
1115,2023,"Qatar Grand Prix","00:01:24.319"
1116,2023,"United States Grand Prix","00:01:38.139"
1117,2023,"Mexico City Grand Prix","00:01:21.334"
1118,2023,"SÃ£o Paulo Grand Prix","00:01:12.486"
1119,2023,"Las Vegas Grand Prix","00:01:35.49"
1120,2023,"Abu Dhabi Grand Prix","00:01:26.993"
1121,2024,"Bahrain Grand Prix","00:01:32.608"
1122,2024,"Saudi Arabian Grand Prix","00:01:31.632"
1123,2024,"Australian Grand Prix","00:01:19.813"
1124,2024,"Japanese Grand Prix","00:01:33.706"
1125,2024,"Chinese Grand Prix","00:01:37.81"
1126,2024,"Miami Grand Prix","00:01:30.634"
1127,2024,"Emilia Romagna Grand Prix","00:01:18.589"
1128,2024,"Monaco Grand Prix","00:01:14.165"
1129,2024,"Canadian Grand Prix","00:01:14.856"
1130,2024,"Spanish Grand Prix","00:01:17.115"
1131,2024,"Austrian Grand Prix","00:01:07.694"
